[{"model": "admin.logentry", "pk": 1, "fields": {"action_time": "2025-10-14T14:36:18.410Z", "user": 1, "content_type": 6, "object_id": "2", "object_repr": "admin", "action_flag": 1, "change_message": "[{\"added\": {}}]"}}, {"model": "admin.logentry", "pk": 2, "fields": {"action_time": "2025-10-14T14:36:45.646Z", "user": 1, "content_type": 9, "object_id": "2", "object_repr": "Administrador Sistema", "action_flag": 1, "change_message": "[{\"added\": {}}]"}}, {"model": "admin.logentry", "pk": 3, "fields": {"action_time": "2025-10-14T15:38:00.996Z", "user": 1, "content_type": 8, "object_id": "1", "object_repr": "Pediatría", "action_flag": 1, "change_message": "[{\"added\": {}}]"}}, {"model": "admin.logentry", "pk": 4, "fields": {"action_time": "2025-10-14T15:38:19.043Z", "user": 1, "content_type": 8, "object_id": "2", "object_repr": "Clínica médica", "action_flag": 1, "change_message": "[{\"added\": {}}]"}}, {"model": "admin.logentry", "pk": 5, "fields": {"action_time": "2025-10-14T15:38:30.925Z", "user": 1, "content_type": 8, "object_id": "3", "object_repr": "Ginecología", "action_flag": 1, "change_message": "[{\"added\": {}}]"}}, {"model": "admin.logentry", "pk": 6, "fields": {"action_time": "2025-10-14T15:38:46.014Z", "user": 1, "content_type": 8, "object_id": "4", "object_repr": "Obstetricia", "action_flag": 1, "change_message": "[{\"added\": {}}]"}}, {"model": "admin.logentry", "pk": 7, "fields": {"action_time": "2025-10-14T15:38:57.293Z", "user": 1, "content_type": 8, "object_id": "5", "object_repr": "Medicina Familiar", "action_flag": 1, "change_message": "[{\"added\": {}}]"}}, {"model": "admin.logentry", "pk": 8, "fields": {"action_time": "2025-10-14T15:41:01.024Z", "user": 1, "content_type": 8, "object_id": "6", "object_repr": "Cardiología", "action_flag": 1, "change_message": "[{\"added\": {}}]"}}, {"model": "admin.logentry", "pk": 9, "fields": {"action_time": "2025-10-21T13:13:56.471Z", "user": 1, "content_type": 6, "object_id": "2", "object_repr": "admin", "action_flag": 2, "change_message": "[{\"changed\": {\"fields\": [\"User permissions\"]}}]"}}, {"model": "auth.permission", "pk": 1, "fields": {"name": "Can add log entry", "content_type": 1, "codename": "add_logentry"}}, {"model": "auth.permission", "pk": 2, "fields": {"name": "Can change log entry", "content_type": 1, "codename": "change_logentry"}}, {"model": "auth.permission", "pk": 3, "fields": {"name": "Can delete log entry", "content_type": 1, "codename": "delete_logentry"}}, {"model": "auth.permission", "pk": 4, "fields": {"name": "Can view log entry", "content_type": 1, "codename": "view_logentry"}}, {"model": "auth.permission", "pk": 5, "fields": {"name": "Can add permission", "content_type": 2, "codename": "add_permission"}}, {"model": "auth.permission", "pk": 6, "fields": {"name": "Can change permission", "content_type": 2, "codename": "change_permission"}}, {"model": "auth.permission", "pk": 7, "fields": {"name": "Can delete permission", "content_type": 2, "codename": "delete_permission"}}, {"model": "auth.permission", "pk": 8, "fields": {"name": "Can view permission", "content_type": 2, "codename": "view_permission"}}, {"model": "auth.permission", "pk": 9, "fields": {"name": "Can add group", "content_type": 3, "codename": "add_group"}}, {"model": "auth.permission", "pk": 10, "fields": {"name": "Can change group", "content_type": 3, "codename": "change_group"}}, {"model": "auth.permission", "pk": 11, "fields": {"name": "Can delete group", "content_type": 3, "codename": "delete_group"}}, {"model": "auth.permission", "pk": 12, "fields": {"name": "Can view group", "content_type": 3, "codename": "view_group"}}, {"model": "auth.permission", "pk": 13, "fields": {"name": "Can add content type", "content_type": 4, "codename": "add_contenttype"}}, {"model": "auth.permission", "pk": 14, "fields": {"name": "Can change content type", "content_type": 4, "codename": "change_contenttype"}}, {"model": "auth.permission", "pk": 15, "fields": {"name": "Can delete content type", "content_type": 4, "codename": "delete_contenttype"}}, {"model": "auth.permission", "pk": 16, "fields": {"name": "Can view content type", "content_type": 4, "codename": "view_contenttype"}}, {"model": "auth.permission", "pk": 17, "fields": {"name": "Can add session", "content_type": 5, "codename": "add_session"}}, {"model": "auth.permission", "pk": 18, "fields": {"name": "Can change session", "content_type": 5, "codename": "change_session"}}, {"model": "auth.permission", "pk": 19, "fields": {"name": "Can delete session", "content_type": 5, "codename": "delete_session"}}, {"model": "auth.permission", "pk": 20, "fields": {"name": "Can view session", "content_type": 5, "codename": "view_session"}}, {"model": "auth.permission", "pk": 21, "fields": {"name": "Can add User", "content_type": 6, "codename": "add_users"}}, {"model": "auth.permission", "pk": 22, "fields": {"name": "Can change User", "content_type": 6, "codename": "change_users"}}, {"model": "auth.permission", "pk": 23, "fields": {"name": "Can delete User", "content_type": 6, "codename": "delete_users"}}, {"model": "auth.permission", "pk": 24, "fields": {"name": "Can view User", "content_type": 6, "codename": "view_users"}}, {"model": "auth.permission", "pk": 25, "fields": {"name": "Can add Paciente", "content_type": 7, "codename": "add_patient"}}, {"model": "auth.permission", "pk": 26, "fields": {"name": "Can change Paciente", "content_type": 7, "codename": "change_patient"}}, {"model": "auth.permission", "pk": 27, "fields": {"name": "Can delete Paciente", "content_type": 7, "codename": "delete_patient"}}, {"model": "auth.permission", "pk": 28, "fields": {"name": "Can view Paciente", "content_type": 7, "codename": "view_patient"}}, {"model": "auth.permission", "pk": 29, "fields": {"name": "Can add Especialidad", "content_type": 8, "codename": "add_specialty"}}, {"model": "auth.permission", "pk": 30, "fields": {"name": "Can change Especialidad", "content_type": 8, "codename": "change_specialty"}}, {"model": "auth.permission", "pk": 31, "fields": {"name": "Can delete Especialidad", "content_type": 8, "codename": "delete_specialty"}}, {"model": "auth.permission", "pk": 32, "fields": {"name": "Can view Especialidad", "content_type": 8, "codename": "view_specialty"}}, {"model": "auth.permission", "pk": 33, "fields": {"name": "Can add Administrador", "content_type": 9, "codename": "add_administrator"}}, {"model": "auth.permission", "pk": 34, "fields": {"name": "Can change Administrador", "content_type": 9, "codename": "change_administrator"}}, {"model": "auth.permission", "pk": 35, "fields": {"name": "Can delete Administrador", "content_type": 9, "codename": "delete_administrator"}}, {"model": "auth.permission", "pk": 36, "fields": {"name": "Can view Administrador", "content_type": 9, "codename": "view_administrator"}}, {"model": "auth.permission", "pk": 37, "fields": {"name": "Can add Doctor", "content_type": 10, "codename": "add_doctor"}}, {"model": "auth.permission", "pk": 38, "fields": {"name": "Can change Doctor", "content_type": 10, "codename": "change_doctor"}}, {"model": "auth.permission", "pk": 39, "fields": {"name": "Can delete Doctor", "content_type": 10, "codename": "delete_doctor"}}, {"model": "auth.permission", "pk": 40, "fields": {"name": "Can view Doctor", "content_type": 10, "codename": "view_doctor"}}, {"model": "auth.permission", "pk": 41, "fields": {"name": "Can add Recepcion", "content_type": 11, "codename": "add_receptions"}}, {"model": "auth.permission", "pk": 42, "fields": {"name": "Can change Recepcion", "content_type": 11, "codename": "change_receptions"}}, {"model": "auth.permission", "pk": 43, "fields": {"name": "Can delete Recepcion", "content_type": 11, "codename": "delete_receptions"}}, {"model": "auth.permission", "pk": 44, "fields": {"name": "Can view Recepcion", "content_type": 11, "codename": "view_receptions"}}, {"model": "auth.permission", "pk": 45, "fields": {"name": "Can add Consulta", "content_type": 12, "codename": "add_consultation"}}, {"model": "auth.permission", "pk": 46, "fields": {"name": "Can change Consulta", "content_type": 12, "codename": "change_consultation"}}, {"model": "auth.permission", "pk": 47, "fields": {"name": "Can delete Consulta", "content_type": 12, "codename": "delete_consultation"}}, {"model": "auth.permission", "pk": 48, "fields": {"name": "Can view Consulta", "content_type": 12, "codename": "view_consultation"}}, {"model": "auth.permission", "pk": 49, "fields": {"name": "Can add Reset Token", "content_type": 13, "codename": "add_reset_token"}}, {"model": "auth.permission", "pk": 50, "fields": {"name": "Can change Reset Token", "content_type": 13, "codename": "change_reset_token"}}, {"model": "auth.permission", "pk": 51, "fields": {"name": "Can delete Reset Token", "content_type": 13, "codename": "delete_reset_token"}}, {"model": "auth.permission", "pk": 52, "fields": {"name": "Can view Reset Token", "content_type": 13, "codename": "view_reset_token"}}, {"model": "auth.permission", "pk": 53, "fields": {"name": "Can add Receta", "content_type": 14, "codename": "add_prescription"}}, {"model": "auth.permission", "pk": 54, "fields": {"name": "Can change Receta", "content_type": 14, "codename": "change_prescription"}}, {"model": "auth.permission", "pk": 55, "fields": {"name": "Can delete Receta", "content_type": 14, "codename": "delete_prescription"}}, {"model": "auth.permission", "pk": 56, "fields": {"name": "Can view Receta", "content_type": 14, "codename": "view_prescription"}}, {"model": "auth.permission", "pk": 57, "fields": {"name": "Can add Horario de Doctor", "content_type": 15, "codename": "add_doctorschedule"}}, {"model": "auth.permission", "pk": 58, "fields": {"name": "Can change Horario de Doctor", "content_type": 15, "codename": "change_doctorschedule"}}, {"model": "auth.permission", "pk": 59, "fields": {"name": "Can delete Horario de Doctor", "content_type": 15, "codename": "delete_doctorschedule"}}, {"model": "auth.permission", "pk": 60, "fields": {"name": "Can view Horario de Doctor", "content_type": 15, "codename": "view_doctorschedule"}}, {"model": "contenttypes.contenttype", "pk": 1, "fields": {"app_label": "admin", "model": "logentry"}}, {"model": "contenttypes.contenttype", "pk": 2, "fields": {"app_label": "auth", "model": "permission"}}, {"model": "contenttypes.contenttype", "pk": 3, "fields": {"app_label": "auth", "model": "group"}}, {"model": "contenttypes.contenttype", "pk": 4, "fields": {"app_label": "contenttypes", "model": "contenttype"}}, {"model": "contenttypes.contenttype", "pk": 5, "fields": {"app_label": "sessions", "model": "session"}}, {"model": "contenttypes.contenttype", "pk": 6, "fields": {"app_label": "users", "model": "users"}}, {"model": "contenttypes.contenttype", "pk": 7, "fields": {"app_label": "users", "model": "patient"}}, {"model": "contenttypes.contenttype", "pk": 8, "fields": {"app_label": "users", "model": "specialty"}}, {"model": "contenttypes.contenttype", "pk": 9, "fields": {"app_label": "users", "model": "administrator"}}, {"model": "contenttypes.contenttype", "pk": 10, "fields": {"app_label": "users", "model": "doctor"}}, {"model": "contenttypes.contenttype", "pk": 11, "fields": {"app_label": "users", "model": "receptions"}}, {"model": "contenttypes.contenttype", "pk": 12, "fields": {"app_label": "users", "model": "consultation"}}, {"model": "contenttypes.contenttype", "pk": 13, "fields": {"app_label": "users", "model": "reset_token"}}, {"model": "contenttypes.contenttype", "pk": 14, "fields": {"app_label": "users", "model": "prescription"}}, {"model": "contenttypes.contenttype", "pk": 15, "fields": {"app_label": "users", "model": "doctorschedule"}}, {"model": "sessions.session", "pk": "fbewrz36fh3afxf4s794lszjq7n5i65n", "fields": {"session_data": ".eJxVjD0OwyAUg-_CXCF-A3TsnjMg4D1K2gqkkExV714iZWgXy_Jn-0182Lfi946rX4BciSCX3yyG9MR6AHiEem80tbqtS6RHhZ6007kBvm5n9--ghF7GOvAocdKQE6JiMTuGQoUkwU7S2ci4UcjA8GEyaG2ttJJpacRQ4bQmny_t0zbg:1vE51A:mBiVuE4VIy-WqxV4Mrm-aR4jbY6V0cxsqOOm2HrzFo8", "expire_date": "2025-11-12T12:11:08.981Z"}}, {"model": "sessions.session", "pk": "i3z015vg7fiwvrg7np7qybbiqrxl47hf", "fields": {"session_data": ".eJxVjD0OwyAUg-_CXCF-A3TsnjMg4D1K2gqkkExV714iZWgXy_Jn-0182Lfi946rX4BciSCX3yyG9MR6AHiEem80tbqtS6RHhZ6007kBvm5n9--ghF7GOvAocdKQE6JiMTuGQoUkwU7S2ci4UcjA8GEyaG2ttJJpacRQ4bQmny_t0zbg:1vBCBi:JrezF3bmH9dmk13-Otu2kSbu6hOWXDsx44zrpY3xN2Y", "expire_date": "2025-11-04T13:14:06.252Z"}}, {"model": "sessions.session", "pk": "yqgdygwccbo6hxaiwsskgonae3vqgqk2", "fields": {"session_data": ".eJxVjD0OwyAUg-_CXCF-A3TsnjMg4D1K2gqkkExV714iZWgXy_Jn-0182Lfi946rX4BciSCX3yyG9MR6AHiEem80tbqtS6RHhZ6007kBvm5n9--ghF7GOvAocdKQE6JiMTuGQoUkwU7S2ci4UcjA8GEyaG2ttJJpacRQ4bQmny_t0zbg:1v98Ib:HttKIHSZpWstYeKP81Oo29fgTwP5jFDLEVUs2PZ3uzk", "expire_date": "2025-10-29T20:40:41.273Z"}}, {"model": "users.specialty", "pk": 1, "fields": {"name": "Pediatría", "description": "Especialidad de pediatría"}}, {"model": "users.specialty", "pk": 2, "fields": {"name": "Clínica médica", "description": "especialidad de Clínica médica"}}, {"model": "users.specialty", "pk": 3, "fields": {"name": "Ginecología", "description": "especialidad de Ginecología"}}, {"model": "users.specialty", "pk": 4, "fields": {"name": "Obstetricia", "description": "especialidad de Obstetricia"}}, {"model": "users.specialty", "pk": 5, "fields": {"name": "Medicina Familiar", "description": "especialidad de Medicina Familiar"}}, {"model": "users.specialty", "pk": 6, "fields": {"name": "Cardiología", "description": "especialidad de Cardiología"}}, {"model": "users.users", "pk": 1, "fields": {"last_login": "2025-10-21T13:13:02.423Z", "is_superuser": true, "is_staff": true, "is_active": true, "date_joined": "2025-10-14T14:34:01.957Z", "email": "enri124589@gmail.com", "username": "super", "password": "bcrypt_sha256$$2b$12$7GgSLUw85w1/PuDAXPe8luzpbCJZ5o86fAGHYUWYVf.0m/dlotCxi", "first_name": "", "last_name": "", "gender": "not_known", "birthday": null, "is_doctor": false, "profile_avatar": "users/profiles/default.png", "address_line": null, "region": null, "city": null, "code_postal": null, "groups": [], "user_permissions": []}}, {"model": "users.users", "pk": 2, "fields": {"last_login": "2025-10-29T12:11:08.897Z", "is_superuser": false, "is_staff": false, "is_active": true, "date_joined": "2025-10-14T14:36:18Z", "email": "enri1993@live.com", "username": "admin", "password": "bcrypt_sha256$$2b$12$Om5UnPDdmK/wwBuiYPN.nOFmJHmfUoYxzMkmFsGTq2zDNzLmpYQ5a", "first_name": "Administrador", "last_name": "Sistema", "gender": "Male", "birthday": "1993-08-20", "is_doctor": false, "profile_avatar": "users/profiles/default.png", "address_line": "Av. los pescadores y Bolivia", "region": "Central", "city": "Mariano Roque Alonso, Paraguay", "code_postal": "22222", "groups": [], "user_permissions": [1, 2, 3, 4, 9, 5, 8, 13, 14, 15, 17, 34, 35, 45, 46, 47, 48, 37, 38, 39, 40, 57, 58, 59, 60, 25, 26, 27, 53, 54, 55, 41, 42, 43, 49, 29, 30, 31, 32, 21, 22, 23, 24]}}, {"model": "users.users", "pk": 3, "fields": {"last_login": null, "is_superuser": false, "is_staff": false, "is_active": true, "date_joined": "2025-10-14T16:12:49.411Z", "email": "ana.gomez@hosp.com", "username": "cardio1", "password": "bcrypt_sha256$$2b$12$Qnp6w9E3hjYaPk02nr.gluvASd/4UUIYW2OwqsdqAe6TaU1a9VZwe", "first_name": "Ana", "last_name": "Gomez", "gender": "not_known", "birthday": null, "is_doctor": true, "profile_avatar": "users/profiles/default.png", "address_line": null, "region": null, "city": null, "code_postal": null, "groups": [], "user_permissions": []}}, {"model": "users.users", "pk": 4, "fields": {"last_login": null, "is_superuser": false, "is_staff": false, "is_active": true, "date_joined": "2025-10-14T16:13:51.286Z", "email": "luis.martinez@hosp.com", "username": "cardio2", "password": "bcrypt_sha256$$2b$12$pWh0sanMMgKhlmMMnt8P/.7wKj0XBydl.sTHH2ZLhmWItXzOm0ai.", "first_name": "Luis", "last_name": "Martínez", "gender": "not_known", "birthday": null, "is_doctor": true, "profile_avatar": "users/profiles/default.png", "address_line": null, "region": null, "city": null, "code_postal": null, "groups": [], "user_permissions": []}}, {"model": "users.users", "pk": 5, "fields": {"last_login": null, "is_superuser": false, "is_staff": false, "is_active": true, "date_joined": "2025-10-14T16:14:38.454Z", "email": "marta.ruiz@hosp.com", "username": "cardio3", "password": "bcrypt_sha256$$2b$12$2MnRluhC1AYawsVGBGyG6etYy5.HzUuywEMpcY21X62cqbmwAEy2S", "first_name": "Marta", "last_name": "Ruiz", "gender": "not_known", "birthday": null, "is_doctor": true, "profile_avatar": "users/profiles/default.png", "address_line": null, "region": null, "city": null, "code_postal": null, "groups": [], "user_permissions": []}}, {"model": "users.users", "pk": 6, "fields": {"last_login": null, "is_superuser": false, "is_staff": false, "is_active": true, "date_joined": "2025-10-14T16:16:23.949Z", "email": "pablo.torres@hosp.com", "username": "neuro1", "password": "bcrypt_sha256$$2b$12$pW4RdEK/gHuB1ar8phRFnecq/sqzxUA2JmpUSk5mO942sXPPBFwnC", "first_name": "Pablo", "last_name": "Torres", "gender": "not_known", "birthday": null, "is_doctor": true, "profile_avatar": "users/profiles/default.png", "address_line": null, "region": null, "city": null, "code_postal": null, "groups": [], "user_permissions": []}}, {"model": "users.users", "pk": 7, "fields": {"last_login": null, "is_superuser": false, "is_staff": false, "is_active": true, "date_joined": "2025-10-14T16:17:10.886Z", "email": "carla.duarte@hosp.com", "username": "neuro2", "password": "bcrypt_sha256$$2b$12$qhXgjPXCwXacZYYu10oGv.eCnZnI.XmAgXeWvGZ/3fRrWPYY0Ubiq", "first_name": "Carla", "last_name": "Duarte", "gender": "not_known", "birthday": null, "is_doctor": true, "profile_avatar": "users/profiles/default.png", "address_line": null, "region": null, "city": null, "code_postal": null, "groups": [], "user_permissions": []}}, {"model": "users.users", "pk": 8, "fields": {"last_login": null, "is_superuser": false, "is_staff": false, "is_active": true, "date_joined": "2025-10-14T16:17:58.789Z", "email": "diego.rojas@hosp.com", "username": "neuro3", "password": "bcrypt_sha256$$2b$12$RqIzyPsk8pl6yiwznRP43OPEL9krJ4ZfZdYyfsIMyfMMGcYq524.q", "first_name": "Diego", "last_name": "Rojas", "gender": "not_known", "birthday": null, "is_doctor": true, "profile_avatar": "users/profiles/default.png", "address_line": null, "region": null, "city": null, "code_postal": null, "groups": [], "user_permissions": []}}, {"model": "users.users", "pk": 9, "fields": {"last_login": null, "is_superuser": false, "is_staff": false, "is_active": true, "date_joined": "2025-10-14T16:23:52.978Z", "email": "sergio.benitez@hosp.com", "username": "obstetricia1", "password": "bcrypt_sha256$$2b$12$9ybm2QARcjzclCIyeZiHc.sqCVCxHXNEIwBXUCuqRSaqEHeHCxMZy", "first_name": "Sergio", "last_name": "Benítez", "gender": "not_known", "birthday": null, "is_doctor": true, "profile_avatar": "users/profiles/default.png", "address_line": null, "region": null, "city": null, "code_postal": null, "groups": [], "user_permissions": []}}, {"model": "users.users", "pk": 10, "fields": {"last_login": null, "is_superuser": false, "is_staff": false, "is_active": true, "date_joined": "2025-10-14T16:24:26.627Z", "email": "laura.acosta@hosp.com", "username": "obstetricia2", "password": "bcrypt_sha256$$2b$12$e4qnSmGvIGBZywlIytr0lO4uig.2PMoF7IBOgC5bYq4rLyUmXzGH.", "first_name": "Laura", "last_name": "Acosta", "gender": "not_known", "birthday": null, "is_doctor": true, "profile_avatar": "users/profiles/default.png", "address_line": null, "region": null, "city": null, "code_postal": null, "groups": [], "user_permissions": []}}, {"model": "users.users", "pk": 11, "fields": {"last_login": null, "is_superuser": false, "is_staff": false, "is_active": true, "date_joined": "2025-10-14T16:24:59.106Z", "email": "andres.vera@hosp.com", "username": "obstetricia3", "password": "bcrypt_sha256$$2b$12$RVijNe0Pf9OaOx/LpoZLluM4FBAgzgtXQTbYFtH2sNaVsggOqSqWW", "first_name": "Andrés", "last_name": "Vera", "gender": "not_known", "birthday": null, "is_doctor": true, "profile_avatar": "users/profiles/default.png", "address_line": null, "region": null, "city": null, "code_postal": null, "groups": [], "user_permissions": []}}, {"model": "users.users", "pk": 12, "fields": {"last_login": null, "is_superuser": false, "is_staff": false, "is_active": true, "date_joined": "2025-10-14T16:25:39.457Z", "email": "mariana.ortiz@hosp.com", "username": "gine1", "password": "bcrypt_sha256$$2b$12$hZ6VM/RZ835dlpfZKUQHHO2lcOb39WLQN1wIzI8TMITxClVy8RE/G", "first_name": "Mariana", "last_name": "Ortiz", "gender": "not_known", "birthday": null, "is_doctor": true, "profile_avatar": "users/profiles/default.png", "address_line": null, "region": null, "city": null, "code_postal": null, "groups": [], "user_permissions": []}}, {"model": "users.users", "pk": 13, "fields": {"last_login": null, "is_superuser": false, "is_staff": false, "is_active": true, "date_joined": "2025-10-14T16:26:13.050Z", "email": "esteban.sosa@hosp.com", "username": "gine2", "password": "bcrypt_sha256$$2b$12$7JzNnJmvwa92vW5u93xan.Q9As8wI/XRawhHrw5QKjghR68PYrekK", "first_name": "Esteban", "last_name": "Sosa", "gender": "not_known", "birthday": null, "is_doctor": true, "profile_avatar": "users/profiles/default.png", "address_line": null, "region": null, "city": null, "code_postal": null, "groups": [], "user_permissions": []}}, {"model": "users.users", "pk": 14, "fields": {"last_login": null, "is_superuser": false, "is_staff": false, "is_active": true, "date_joined": "2025-10-14T16:26:46.134Z", "email": "paula.caballero@hosp.com", "username": "gine3", "password": "bcrypt_sha256$$2b$12$EkqROgD8xJD1HftnrqLrk.zbUoNYiBsJY6adLewVZmZB6j7BQH.sS", "first_name": "Paula", "last_name": "Caballero", "gender": "not_known", "birthday": null, "is_doctor": true, "profile_avatar": "users/profiles/default.png", "address_line": null, "region": null, "city": null, "code_postal": null, "groups": [], "user_permissions": []}}, {"model": "users.users", "pk": 15, "fields": {"last_login": "2025-10-14T16:57:18.331Z", "is_superuser": false, "is_staff": false, "is_active": true, "date_joined": "2025-10-14T16:27:34.862Z", "email": "javier.medina@hosp.com", "username": "clinica1", "password": "bcrypt_sha256$$2b$12$OQNoZ999O5/yL7JaWfOLOuWjIFQVjBCvepB3uUtYP0dBKANq//EKe", "first_name": "Javier", "last_name": "Medina", "gender": "not_known", "birthday": null, "is_doctor": true, "profile_avatar": "users/profiles/default.png", "address_line": null, "region": null, "city": null, "code_postal": null, "groups": [], "user_permissions": []}}, {"model": "users.users", "pk": 16, "fields": {"last_login": null, "is_superuser": false, "is_staff": false, "is_active": true, "date_joined": "2025-10-14T16:28:06.607Z", "email": "romina.franco@hosp.com", "username": "clinica2", "password": "bcrypt_sha256$$2b$12$6L0HLLIn2YbvtmmnuMS70e4Yn.9Z9wpJcw1s.U2LiFFzMnANQUYBm", "first_name": "Romina", "last_name": "Franco", "gender": "not_known", "birthday": null, "is_doctor": true, "profile_avatar": "users/profiles/default.png", "address_line": null, "region": null, "city": null, "code_postal": null, "groups": [], "user_permissions": []}}, {"model": "users.users", "pk": 17, "fields": {"last_login": null, "is_superuser": false, "is_staff": false, "is_active": true, "date_joined": "2025-10-14T16:28:38.871Z", "email": "tomas.ferreira@hosp.com", "username": "clinica3", "password": "bcrypt_sha256$$2b$12$319/1uqKCdSpdc09PKRF.O5JH8sgvDy6UUL0PASNtTnVeN8iZAv5K", "first_name": "Tomás", "last_name": "Ferreira", "gender": "not_known", "birthday": null, "is_doctor": true, "profile_avatar": "users/profiles/default.png", "address_line": null, "region": null, "city": null, "code_postal": null, "groups": [], "user_permissions": []}}, {"model": "users.users", "pk": 18, "fields": {"last_login": null, "is_superuser": false, "is_staff": false, "is_active": true, "date_joined": "2025-10-14T16:29:14.247Z", "email": "silvia.lopez@hosp.com", "username": "pedi1", "password": "bcrypt_sha256$$2b$12$wjCTL/Af7mX4phnuuXZ2PONMrNs3CHAwM9q/IcrXJSL3mEh1cNMiO", "first_name": "Silvia", "last_name": "López", "gender": "not_known", "birthday": null, "is_doctor": true, "profile_avatar": "users/profiles/default.png", "address_line": null, "region": null, "city": null, "code_postal": null, "groups": [], "user_permissions": []}}, {"model": "users.users", "pk": 19, "fields": {"last_login": null, "is_superuser": false, "is_staff": false, "is_active": true, "date_joined": "2025-10-14T16:29:47.387Z", "email": "marcos.gimenez@hosp.com", "username": "pedi2", "password": "bcrypt_sha256$$2b$12$8FbO9hm.Y/IgCgYy8Sw6..xB6lllnB1A843P1CH6DXXSDIGLy2fmq", "first_name": "Marcos", "last_name": "Giménez", "gender": "not_known", "birthday": null, "is_doctor": true, "profile_avatar": "users/profiles/default.png", "address_line": null, "region": null, "city": null, "code_postal": null, "groups": [], "user_permissions": []}}, {"model": "users.users", "pk": 20, "fields": {"last_login": null, "is_superuser": false, "is_staff": false, "is_active": true, "date_joined": "2025-10-14T16:30:17.699Z", "email": "patricia.ramirez@hosp.com", "username": "pedi3", "password": "bcrypt_sha256$$2b$12$q4xCjdAraZhSMKGo1jE07uQHQnwAiaK2SqX2Hv.v8Lj2VQRCJTjhO", "first_name": "Patricia", "last_name": "Ramírez", "gender": "not_known", "birthday": null, "is_doctor": true, "profile_avatar": "users/profiles/default.png", "address_line": null, "region": null, "city": null, "code_postal": null, "groups": [], "user_permissions": []}}, {"model": "users.users", "pk": 21, "fields": {"last_login": "2025-10-15T20:40:13.378Z", "is_superuser": false, "is_staff": false, "is_active": true, "date_joined": "2025-10-14T16:32:59.793Z", "email": "raulitox@gmail.com", "username": "recepcion", "password": "bcrypt_sha256$$2b$12$9ggHctuzo3cgz/oLNd4k7OUhh8onVsHp4idk7dNlT1HzMN7XDg6Em", "first_name": "Raul Osvaldo", "last_name": "Ojeda", "gender": "not_known", "birthday": null, "is_doctor": false, "profile_avatar": "users/profiles/default.png", "address_line": null, "region": null, "city": null, "code_postal": null, "groups": [], "user_permissions": [45, 46, 47, 25, 26, 27]}}, {"model": "users.doctor", "pk": 3, "fields": {"specialty": 6, "bio": "Cardióloga con 10 a±os de experiencia."}}, {"model": "users.doctor", "pk": 4, "fields": {"specialty": 6, "bio": "Cardiólogo especialista en arritmias."}}, {"model": "users.doctor", "pk": 5, "fields": {"specialty": 6, "bio": "Cardióloga enfocada en prevención."}}, {"model": "users.doctor", "pk": 6, "fields": {"specialty": 5, "bio": "Experto en epilepsia."}}, {"model": "users.doctor", "pk": 7, "fields": {"specialty": 5, "bio": "Experiencia en migra±as."}}, {"model": "users.doctor", "pk": 8, "fields": {"specialty": 5, "bio": "Clínico y docente."}}, {"model": "users.doctor", "pk": 9, "fields": {"specialty": 4, "bio": "Partos y embarazos de alto riesgo"}}, {"model": "users.doctor", "pk": 10, "fields": {"specialty": 4, "bio": "Seguimiento de embarazo"}}, {"model": "users.doctor", "pk": 11, "fields": {"specialty": 4, "bio": "Ecografías y controles"}}, {"model": "users.doctor", "pk": 12, "fields": {"specialty": 3, "bio": "Ginecóloga especialista en embarazo."}}, {"model": "users.doctor", "pk": 13, "fields": {"specialty": 3, "bio": "Ginecólogo con experiencia en cirugías."}}, {"model": "users.doctor", "pk": 14, "fields": {"specialty": 3, "bio": "Ginecóloga enfocada en salud femenina."}}, {"model": "users.doctor", "pk": 15, "fields": {"specialty": 2, "bio": "Medicina interna y general"}}, {"model": "users.doctor", "pk": 16, "fields": {"specialty": 2, "bio": "Diagnóstico y tratamiento de adultos"}}, {"model": "users.doctor", "pk": 17, "fields": {"specialty": 2, "bio": "Especialista en enfermedades crónicas"}}, {"model": "users.doctor", "pk": 18, "fields": {"specialty": 1, "bio": "Pediatra con enfoque en nutrición."}}, {"model": "users.doctor", "pk": 19, "fields": {"specialty": 1, "bio": "Pediatra con 15 a±os de experiencia."}}, {"model": "users.doctor", "pk": 20, "fields": {"specialty": 1, "bio": "Pediatra especialista en alergias."}}, {"model": "users.receptions", "pk": 21, "fields": {}}, {"model": "users.administrator", "pk": 2, "fields": {"department": "Administración", "can_create_users": true, "can_create_groups": true, "can_assign_roles": true}}, {"model": "users.patient", "pk": 1, "fields": {"first_name": "María", "last_name": "González", "email": "maria.gonzalez@email.com", "phone": "972975950", "identification_type": "CI", "identification_number": "9209562", "gender": "Female", "date_of_birth": "2000-03-15", "address_line": "Av. Mcal. López 123", "city": "Asunción", "region": "Central", "postal_code": "1209", "country": "Paraguay", "blood_type": "O+", "allergies": "No", "medical_notes": "Sin antecedentes graves", "emergency_contact_name": "Juan González", "emergency_contact_relationship": "Padre", "emergency_contact_phone": "972975951", "created_at": "2025-10-14T16:40:46.367Z", "updated_at": "2025-10-14T16:40:46.367Z", "is_active": true, "assigned_doctor": null}}, {"model": "users.patient", "pk": 2, "fields": {"first_name": "Juan", "last_name": "Benítez", "email": "juan.benitez@email.com", "phone": "972975952", "identification_type": "CI", "identification_number": "9209570", "gender": "Male", "date_of_birth": "1998-07-22", "address_line": "Calle Palma 456", "city": "Luque", "region": "Central", "postal_code": "2060", "country": "Paraguay", "blood_type": "A-", "allergies": "Sí (penicilina)", "medical_notes": "Asma leve", "emergency_contact_name": "Ana Benítez", "emergency_contact_relationship": "Madre", "emergency_contact_phone": "972975953", "created_at": "2025-10-14T16:41:43.071Z", "updated_at": "2025-10-14T16:41:43.071Z", "is_active": true, "assigned_doctor": null}}, {"model": "users.patient", "pk": 3, "fields": {"first_name": "Ana", "last_name": "Martínez", "email": "ana.martinez@email.com", "phone": "972975954", "identification_type": "CI", "identification_number": "9209571", "gender": "Female", "date_of_birth": "2002-11-05", "address_line": "Ruta 2 km 10", "city": "San Lorenzo", "region": "Central", "postal_code": "2160", "country": "Paraguay", "blood_type": "B+", "allergies": "No", "medical_notes": "Migra±a", "emergency_contact_name": "Pedro Martínez", "emergency_contact_relationship": "Hermano", "emergency_contact_phone": "972975955", "created_at": "2025-10-14T16:42:28.933Z", "updated_at": "2025-10-14T16:42:28.933Z", "is_active": true, "assigned_doctor": null}}, {"model": "users.patient", "pk": 4, "fields": {"first_name": "Pedro", "last_name": "López", "email": "pedro.lopez@email.com", "phone": "972975956", "identification_type": "CI", "identification_number": "9209572", "gender": "Male", "date_of_birth": "1995-01-30", "address_line": "Av. Eusebio Ayala 789", "city": "Capiatá", "region": "Central", "postal_code": "2130", "country": "Paraguay", "blood_type": "AB-", "allergies": "Sí (gluten)", "medical_notes": "Diabetes tipo 2", "emergency_contact_name": "Laura López", "emergency_contact_relationship": "Esposa", "emergency_contact_phone": "972975957", "created_at": "2025-10-14T16:43:16.299Z", "updated_at": "2025-10-14T16:43:16.299Z", "is_active": true, "assigned_doctor": null}}, {"model": "users.patient", "pk": 5, "fields": {"first_name": "Laura", "last_name": "Ramírez", "email": "laura.ramirez@email.com", "phone": "972975958", "identification_type": "CI", "identification_number": "9209573", "gender": "Female", "date_of_birth": "2001-06-18", "address_line": "Calle 14 de Mayo 321", "city": "Fernando", "region": "Central", "postal_code": "2300", "country": "Paraguay", "blood_type": "O-", "allergies": "No", "medical_notes": "Sin antecedentes", "emergency_contact_name": "Silvia Ramírez", "emergency_contact_relationship": "Madre", "emergency_contact_phone": "972975959", "created_at": "2025-10-14T16:44:03.334Z", "updated_at": "2025-10-14T16:44:03.334Z", "is_active": true, "assigned_doctor": null}}, {"model": "users.patient", "pk": 6, "fields": {"first_name": "Carlos", "last_name": "Duarte", "email": "carlos.duarte@email.com", "phone": "972975960", "identification_type": "CI", "identification_number": "9209574", "gender": "Male", "date_of_birth": "1999-09-12", "address_line": "Av. San Martín 654", "city": "Encarnación", "region": "Itapúa", "postal_code": "6000", "country": "Paraguay", "blood_type": "A+", "allergies": "Sí (lácteos)", "medical_notes": "Hipertensión", "emergency_contact_name": "Marta Duarte", "emergency_contact_relationship": "Hermana", "emergency_contact_phone": "972975961", "created_at": "2025-10-14T16:44:45.654Z", "updated_at": "2025-10-14T16:44:45.654Z", "is_active": true, "assigned_doctor": null}}, {"model": "users.patient", "pk": 7, "fields": {"first_name": "Marta", "last_name": "Rojas", "email": "marta.rojas@email.com", "phone": "972975962", "identification_type": "CI", "identification_number": "9209575", "gender": "Female", "date_of_birth": "2003-02-27", "address_line": "Calle Boquerón 111", "city": "Villarrica", "region": "Guairá", "postal_code": "5000", "country": "Paraguay", "blood_type": "B-", "allergies": "No", "medical_notes": "Sin antecedentes", "emergency_contact_name": "José Rojas", "emergency_contact_relationship": "Padre", "emergency_contact_phone": "972975963", "created_at": "2025-10-14T16:45:36.015Z", "updated_at": "2025-10-14T16:45:36.015Z", "is_active": true, "assigned_doctor": null}}, {"model": "users.patient", "pk": 8, "fields": {"first_name": "José", "last_name": "Vera", "email": "jose.vera@email.com", "phone": "972975964", "identification_type": "CI", "identification_number": "6209576", "gender": "Male", "date_of_birth": "1997-12-10", "address_line": "Av. Defensores 222", "city": "Pilar", "region": "Ñeembucú", "postal_code": "2800", "country": "Paraguay", "blood_type": "AB+", "allergies": "Sí (aspirina)", "medical_notes": "Cirugía apendicitis 2020", "emergency_contact_name": "María Vera", "emergency_contact_relationship": "Madre", "emergency_contact_phone": "972975965", "created_at": "2025-10-14T16:46:34.055Z", "updated_at": "2025-10-14T16:46:34.055Z", "is_active": true, "assigned_doctor": null}}, {"model": "users.patient", "pk": 9, "fields": {"first_name": "Silvia", "last_name": "Acosta", "email": "silvia.acosta@email.com", "phone": "972975966", "identification_type": "CI", "identification_number": "7209577", "gender": "Female", "date_of_birth": "2000-05-03", "address_line": "Calle Libertad 333", "city": "Caaguazú", "region": "Caaguazú", "postal_code": "3400", "country": "Paraguay", "blood_type": "O+", "allergies": "No", "medical_notes": "Sin antecedentes", "emergency_contact_name": "Juan Acosta", "emergency_contact_relationship": "Padre", "emergency_contact_phone": "972975967", "created_at": "2025-10-14T16:47:28.996Z", "updated_at": "2025-10-14T16:47:28.996Z", "is_active": true, "assigned_doctor": null}}, {"model": "users.patient", "pk": 10, "fields": {"first_name": "Juan", "last_name": "Giménez", "email": "juan.gimenez@email.com", "phone": "972975968", "identification_type": "CI", "identification_number": "5209578", "gender": "Male", "date_of_birth": "1996-08-25", "address_line": "Av. República 444", "city": "Coronel Oviedo", "region": "Caaguazú", "postal_code": "3500", "country": "Paraguay", "blood_type": "A-", "allergies": "Sí (mariscos)", "medical_notes": "Alergia cutánea", "emergency_contact_name": "Ana Giménez", "emergency_contact_relationship": "Madre", "emergency_contact_phone": "972975969", "created_at": "2025-10-14T16:48:23.072Z", "updated_at": "2025-10-14T16:48:23.072Z", "is_active": true, "assigned_doctor": null}}, {"model": "users.patient", "pk": 11, "fields": {"first_name": "Andrea", "last_name": "Torres", "email": "andrea.torres@email.com", "phone": "972975970", "identification_type": "CI", "identification_number": "6209579", "gender": "Female", "date_of_birth": "2002-04-14", "address_line": "Calle Espa±a 555", "city": "Encarnación", "region": "Itapúa", "postal_code": "6000", "country": "Paraguay", "blood_type": "B+", "allergies": "No", "medical_notes": "Sin antecedentes", "emergency_contact_name": "Pedro Torres", "emergency_contact_relationship": "Padre", "emergency_contact_phone": "972975971", "created_at": "2025-10-14T16:49:06.199Z", "updated_at": "2025-10-14T16:49:06.199Z", "is_active": true, "assigned_doctor": null}}, {"model": "users.patient", "pk": 12, "fields": {"first_name": "Pedro", "last_name": "Franco", "email": "pedro.franco@email.com", "phone": "972975972", "identification_type": "CI", "identification_number": "5209580", "gender": "Male", "date_of_birth": "1998-10-19", "address_line": "Av. Artigas 666", "city": "Asunción", "region": "Central", "postal_code": "1209", "country": "Paraguay", "blood_type": "AB-", "allergies": "Sí (polen)", "medical_notes": "Rinitis alérgica", "emergency_contact_name": "Laura Franco", "emergency_contact_relationship": "Esposa", "emergency_contact_phone": "972975973", "created_at": "2025-10-14T16:49:51.351Z", "updated_at": "2025-10-14T16:49:51.351Z", "is_active": true, "assigned_doctor": null}}, {"model": "users.patient", "pk": 13, "fields": {"first_name": "Laura", "last_name": "Caballero", "email": "laura.caballero@email.com", "phone": "972975974", "identification_type": "CI", "identification_number": "6209581", "gender": "Female", "date_of_birth": "2001-12-07", "address_line": "Calle Brasil 777", "city": "Luque", "region": "Central", "postal_code": "2060", "country": "Paraguay", "blood_type": "O-", "allergies": "No", "medical_notes": "Sin antecedentes", "emergency_contact_name": "Silvia Caballero", "emergency_contact_relationship": "Madre", "emergency_contact_phone": "972975975", "created_at": "2025-10-14T16:50:39.474Z", "updated_at": "2025-10-14T16:50:39.474Z", "is_active": true, "assigned_doctor": null}}, {"model": "users.patient", "pk": 14, "fields": {"first_name": "Carlos", "last_name": "Sosa", "email": "carlos.sosa@email.com", "phone": "972975976", "identification_type": "CI", "identification_number": "5209582", "gender": "Male", "date_of_birth": "1999-03-21", "address_line": "Av. Mcal. Estigarribia 888", "city": "San Lorenzo", "region": "Central", "postal_code": "2160", "country": "Paraguay", "blood_type": "A+", "allergies": "Sí (nueces)", "medical_notes": "Epilepsia controlada", "emergency_contact_name": "Marta Sosa", "emergency_contact_relationship": "Hermana", "emergency_contact_phone": "972975977", "created_at": "2025-10-14T16:51:27.131Z", "updated_at": "2025-10-14T16:51:27.131Z", "is_active": true, "assigned_doctor": null}}, {"model": "users.patient", "pk": 15, "fields": {"first_name": "Marta", "last_name": "Ferreira", "email": "marta.ferreira@email.com", "phone": "972975978", "identification_type": "CI", "identification_number": "7209583", "gender": "Female", "date_of_birth": "2003-07-29", "address_line": "Calle Cerro Corá 999", "city": "Capiatá", "region": "Central", "postal_code": "2130", "country": "Paraguay", "blood_type": "B-", "allergies": "No", "medical_notes": "Sin antecedentes", "emergency_contact_name": "José Ferreira", "emergency_contact_relationship": "Padre", "emergency_contact_phone": "972975979", "created_at": "2025-10-14T16:52:05.295Z", "updated_at": "2025-10-14T16:52:05.295Z", "is_active": true, "assigned_doctor": null}}, {"model": "users.patient", "pk": 16, "fields": {"first_name": "José", "last_name": "Riveros", "email": "jose.riveros@email.com", "phone": "972975980", "identification_type": "CI", "identification_number": "5209584", "gender": "Male", "date_of_birth": "1997-11-16", "address_line": "Av. Rodríguez de Francia 1010", "city": "Fernando", "region": "Central", "postal_code": "2300", "country": "Paraguay", "blood_type": "AB+", "allergies": "Sí (latex)", "medical_notes": "Cirugía de rodilla 2022", "emergency_contact_name": "María Riveros", "emergency_contact_relationship": "Madre", "emergency_contact_phone": "972975981", "created_at": "2025-10-14T16:52:54.093Z", "updated_at": "2025-10-14T16:52:54.093Z", "is_active": true, "assigned_doctor": null}}, {"model": "users.patient", "pk": 17, "fields": {"first_name": "Silvia", "last_name": "Medina", "email": "silvia.medina@email.com", "phone": "972975982", "identification_type": "CI", "identification_number": "4209585", "gender": "Female", "date_of_birth": "2000-01-08", "address_line": "Calle Yegros 1111", "city": "Encarnación", "region": "Itapúa", "postal_code": "6000", "country": "Paraguay", "blood_type": "O+", "allergies": "No", "medical_notes": "Sin antecedentes", "emergency_contact_name": "Juan Medina", "emergency_contact_relationship": "Padre", "emergency_contact_phone": "972975983", "created_at": "2025-10-14T16:53:32.542Z", "updated_at": "2025-10-14T16:53:32.542Z", "is_active": true, "assigned_doctor": null}}, {"model": "users.patient", "pk": 18, "fields": {"first_name": "Juan", "last_name": "Cáceres", "email": "juan.caceres@email.com", "phone": "972975984", "identification_type": "CI", "identification_number": "5209586", "gender": "Male", "date_of_birth": "1996-05-23", "address_line": "Av. Cacique Lambaré 1212", "city": "Villarrica", "region": "Guairá", "postal_code": "5000", "country": "Paraguay", "blood_type": "A-", "allergies": "Sí (sulfa)", "medical_notes": "Alergia medicamentosa", "emergency_contact_name": "Ana Cáceres", "emergency_contact_relationship": "Madre", "emergency_contact_phone": "972975985", "created_at": "2025-10-14T16:54:21.042Z", "updated_at": "2025-10-14T16:54:21.042Z", "is_active": true, "assigned_doctor": null}}, {"model": "users.patient", "pk": 19, "fields": {"first_name": "Andrea", "last_name": "Cardozo", "email": "andrea.cardozo@email.com", "phone": "972975986", "identification_type": "CI", "identification_number": "5209587", "gender": "Female", "date_of_birth": "2002-09-30", "address_line": "Calle Tte. Fari±a 1313", "city": "Pilar", "region": "Ñeembucú", "postal_code": "2800", "country": "Paraguay", "blood_type": "B+", "allergies": "No", "medical_notes": "Sin antecedentes", "emergency_contact_name": "Pedro Cardozo", "emergency_contact_relationship": "Padre", "emergency_contact_phone": "972975987", "created_at": "2025-10-14T16:55:05.149Z", "updated_at": "2025-10-14T16:55:05.149Z", "is_active": true, "assigned_doctor": null}}, {"model": "users.patient", "pk": 20, "fields": {"first_name": "Pedro", "last_name": "Villalba", "email": "pedro.villalba@email.com", "phone": "972975988", "identification_type": "CI", "identification_number": "6209588", "gender": "Male", "date_of_birth": "1998-02-11", "address_line": "Av. Espa±a 1414", "city": "Caaguazú", "region": "Caaguazú", "postal_code": "3400", "country": "Paraguay", "blood_type": "AB-", "allergies": "Sí (ibuprofeno)", "medical_notes": "Migra±a crónica", "emergency_contact_name": "Laura Villalba", "emergency_contact_relationship": "Esposa", "emergency_contact_phone": "972975989", "created_at": "2025-10-14T16:55:55.232Z", "updated_at": "2025-10-14T16:55:55.232Z", "is_active": true, "assigned_doctor": null}}, {"model": "users.consultation", "pk": 1, "fields": {"description": "control rutinario", "date": "2025-10-13", "time": "08:00:00", "shift": "MAÑANA", "order": 1, "priority": "Nivel IV", "consultorio": "3", "servicio": 2, "temperatura": 30.0, "presion_sistolica": 2, "presion_diastolica": 2, "frecuencia_respiratoria": 2, "pulso": 2, "saturacion_oxigeno": 22, "peso": 2.0, "talla": 2.0, "circunferencia_abdominal": 2.0, "historia_actual": "2", "evolucion": "2", "impresion_diagnostica": "2", "hba1c": 2.0, "indicaciones": "22", "status": "ATENDIDO", "doctor": 15, "patient": 20}}, {"model": "users.doctorschedule", "pk": 1, "fields": {"doctor": 3, "day": "LUNES", "start_time": "08:00:00", "end_time": "12:00:00", "consultorio": "1"}}, {"model": "users.doctorschedule", "pk": 2, "fields": {"doctor": 4, "day": "MARTES", "start_time": "12:00:00", "end_time": "18:00:00", "consultorio": "2"}}, {"model": "users.doctorschedule", "pk": 3, "fields": {"doctor": 5, "day": "MIERCOLES", "start_time": "18:00:00", "end_time": "21:00:00", "consultorio": "3"}}, {"model": "users.doctorschedule", "pk": 4, "fields": {"doctor": 6, "day": "JUEVES", "start_time": "08:00:00", "end_time": "12:00:00", "consultorio": "4"}}, {"model": "users.doctorschedule", "pk": 5, "fields": {"doctor": 7, "day": "VIERNES", "start_time": "12:00:00", "end_time": "18:00:00", "consultorio": "5"}}, {"model": "users.doctorschedule", "pk": 6, "fields": {"doctor": 8, "day": "SABADO", "start_time": "18:00:00", "end_time": "21:00:00", "consultorio": "6"}}, {"model": "users.doctorschedule", "pk": 7, "fields": {"doctor": 9, "day": "LUNES", "start_time": "08:00:00", "end_time": "12:00:00", "consultorio": "7"}}, {"model": "users.doctorschedule", "pk": 8, "fields": {"doctor": 10, "day": "MARTES", "start_time": "12:00:00", "end_time": "18:00:00", "consultorio": "8"}}, {"model": "users.doctorschedule", "pk": 9, "fields": {"doctor": 11, "day": "MIERCOLES", "start_time": "18:00:00", "end_time": "21:00:00", "consultorio": "9"}}, {"model": "users.doctorschedule", "pk": 10, "fields": {"doctor": 12, "day": "JUEVES", "start_time": "08:00:00", "end_time": "12:00:00", "consultorio": "6"}}, {"model": "users.doctorschedule", "pk": 11, "fields": {"doctor": 13, "day": "VIERNES", "start_time": "12:00:00", "end_time": "18:00:00", "consultorio": "7"}}, {"model": "users.doctorschedule", "pk": 12, "fields": {"doctor": 14, "day": "SABADO", "start_time": "18:00:00", "end_time": "21:00:00", "consultorio": "8"}}, {"model": "users.doctorschedule", "pk": 13, "fields": {"doctor": 15, "day": "LUNES", "start_time": "08:00:00", "end_time": "12:00:00", "consultorio": "3"}}, {"model": "users.doctorschedule", "pk": 14, "fields": {"doctor": 16, "day": "MARTES", "start_time": "12:00:00", "end_time": "18:00:00", "consultorio": "4"}}, {"model": "users.doctorschedule", "pk": 15, "fields": {"doctor": 17, "day": "MIERCOLES", "start_time": "18:00:00", "end_time": "21:00:00", "consultorio": "5"}}, {"model": "users.doctorschedule", "pk": 16, "fields": {"doctor": 18, "day": "JUEVES", "start_time": "08:00:00", "end_time": "12:00:00", "consultorio": "10"}}, {"model": "users.doctorschedule", "pk": 17, "fields": {"doctor": 19, "day": "VIERNES", "start_time": "12:00:00", "end_time": "18:00:00", "consultorio": "1"}}, {"model": "users.doctorschedule", "pk": 18, "fields": {"doctor": 20, "day": "SABADO", "start_time": "18:00:00", "end_time": "21:00:00", "consultorio": "2"}}]